avg_duration,avg_energy,avg_min_pitch,avg_max_pitch,avg_mean_pitch,avg_pitch_sd,avg_pitch_abs,avg_pitch_quant,avg_pitchUvsVRatio,avg_diffPitchMaxMin,avg_diffPitchMaxMean,avg_diffPitchMaxMode,avg_intensityMin,avg_intensityMax,avg_intensityMean,avg_intensitySD,avg_intensityQuant,avg_diffIntMaxMin,avg_diffIntMaxMean,avg_diffIntMaxMode,avg_avgVal1,avg_avgBand2,avg_avgBand3,avg_jitter,avg_shimmer,avg_numVoiceBreaks,avg_PercentBreaks,avg_speakRate,avg_numPause,avg_maxDurPause,avg_avgDurPause,avg_TotDurPause:3,avg_iInterval,avg_MaxRising:3,avg_MaxFalling:3,Participant,Interview,Overall,Excited
34.186795833333335,0.0115097582021008,78.06429425583478,340.5164536423034,129.3076388350037,25.242104125741548,176.17638307015608,121.94302567699636,0.9519038102608969,262.4521593864687,211.20881480729972,218.57342796530702,36.41803441534373,72.71934585232387,59.15763921108335,8.449370242745266,53.73458035303702,36.30131143714451,13.561706641000455,18.98476549847888,654.8917530657976,474.386856457661,515.0344003354272,0.02335399999999998,0.17600200000000002,86.4,0.43293799999999993,0.0007474803999999999,35.0,2.3125333333333336,0.5312,17.998399999999997,87.8,211.46660000000003,186.24740000000003,1,1,5.297315623,5.043890154
27.845554166666666,0.0036187197999999997,85.78889216321508,294.435919842823,119.92322777288075,19.527560908331132,114.53157322385934,114.8313144842554,1.185332585186932,208.64702767960793,174.51269206994226,179.6046053576046,35.64194696218412,68.44189498741967,54.83480826882195,7.455119741401996,49.83870872154208,32.79994802523556,13.607086718597731,18.6031862658776,649.3833923003613,561.5197785144402,630.9127546937439,0.017642,0.16709799999999997,59.8,0.467564,0.0010330028000000002,26.8,2.361012500000001,0.5616000000000001,14.953400000000002,60.8,166.5614,171.2368,1,2,4.951525169,4.223099473
108.58834166666668,0.0324341612138268,72.62045896883156,399.01463834392104,122.20543112477465,71.10456311592614,331.0352789108047,94.27545743374453,1.734287783723786,326.39417937525604,276.8092072133016,304.7391809105147,34.684386416383234,76.2502055329967,58.71505857406917,8.14493842796333,52.667500706736334,41.565819116915975,17.53514695923004,23.58270482656287,634.2604809261068,594.4515877502918,607.5514157831888,0.03414199999999999,0.19942,329.2,0.6365040000000001,0.00026000540000000003,79.2,4.558104166666668,0.9086000000000001,70.72739999999999,347.6,309.3782,308.948,3,2,5.011269327,5.8943886
89.16504166666667,0.03021829615230226,70.53618530853058,400.4080604435453,128.74744235517102,64.52899574947881,298.94775611641654,97.57020787854364,2.179182291453251,329.8718751350147,271.66061809350384,302.83785257212725,34.55527729961528,75.39559627880793,59.15528963654324,8.351788394369112,53.411739513768396,40.84031897919265,16.24030664226469,21.983856765039544,692.501454496274,639.3091073897916,667.1653114951877,0.038122,0.20137799999999997,243.6,0.6767380000000001,0.00038407299999999997,78.0,4.339200000000001,0.7577999999999999,58.6416,258.4,303.033,292.7502,3,1,4.414892172,5.601585674
47.795525,0.0062021101492566195,74.84717964775682,359.1970917679099,137.31214901260736,43.985296244859455,272.75135881962024,121.71884066186549,1.3306676116647265,284.34991212015314,221.88494275530257,237.47825110604444,35.487403119353054,68.4324909860882,54.55307476215398,7.370693788200083,49.95342916960909,32.94508786673515,13.879416225251807,18.479061816479117,685.2723355936492,614.0556333071621,595.9206920980608,0.024984,0.18387199999999998,141.8,0.535536,0.0006745562,44.8,2.8437333333333332,0.5394,24.2666,147.2,236.9652,237.773,4,1,4.494494451,4.261343234
75.94630416666665,0.00806946709691522,73.06113975708054,385.24785433213674,131.76550239984581,41.885855461135186,227.97095920383134,119.11811601489805,1.554133917098088,312.1867145759584,253.48235193655273,266.1297383172388,34.61584900654085,67.270029571847,53.7916094644401,6.885798194185606,49.356865032213946,32.65418056573499,13.478420108558675,17.913164539842278,630.8132966756453,594.0793158091094,604.8719477681796,0.026894,0.19427599999999998,211.0,0.590268,0.00039617459999999994,73.4,2.2314666666666696,0.5586,41.8988,218.8,263.79139999999995,243.55,4,2,5.3558692,5.563943253
39.85555416666667,0.0011004296,73.26172316045313,334.541726347171,119.88167023397571,20.983478588762285,117.06271250549203,115.59739365895334,1.6218352182906215,261.28000318746547,214.66005611319534,218.94433269537785,34.259230516305685,64.68873736154184,48.3375974038369,5.298736485106751,44.611293900046654,30.429506843236158,16.351139956936898,20.077443461557387,692.500402945888,683.5187822911564,693.3115782470006,0.02051199999999996,0.194374,86.0,0.5353779999999999,0.000683213,33.6,3.4645333333333332,0.7006,21.8552,88.8,223.55480000000003,216.8282,5,2,5.530993449,4.88960961
30.842616666666665,0.0023517022000000003,79.26612910504123,311.06087639167924,122.56090286130424,28.550342651539943,162.8990761497339,114.62742534118266,1.326375178026658,231.7947472856642,188.49997353037503,196.4334510504966,36.11145610970418,65.6551702552202,52.17472585956011,6.146443085266832,48.66989274440765,29.54371414551601,13.480444394969856,16.985277509953377,735.773039892599,750.9732839297728,642.6086137397588,0.024944,0.19115,74.6,0.511162,0.0008181588,25.8,1.6170666666666673,0.5976,15.2246,77.0,175.7884,178.975,5,1,5.457670152,4.707062188
81.7450125,0.0032049122,73.46174338803309,355.2141304611386,107.848640086449,23.36217705058786,124.56106597524635,101.22289478584267,1.1594233982817834,281.7523870731055,247.3654903746896,253.99123567529597,35.9719377440016,64.82521109965944,50.009037633874776,5.156638400673861,46.928114068534384,28.85327335504696,14.816173465838176,17.89709703112505,700.8641916869991,756.3596375624275,640.4849247184562,0.019088,0.190996,219.2,0.5348720000000001,0.0003089334,81.8,1.9311312499999989,0.5262,43.0432,219.6,251.81459999999998,248.03540000000004,6,1,5.106512317,4.648259352
98.58070000000001,0.0024611624000000004,71.16510965757828,335.1921777245345,110.10979478153715,19.627232427879512,95.4437739665954,106.34442101528495,1.7458205348610107,264.02706806682386,225.0823829383932,228.84775670924955,35.057625744010224,61.74286525982542,47.969285034681334,5.030771391585775,44.06036725149454,26.685239515815198,13.773580224978085,17.682498008330874,693.6375052908181,693.4516222048657,683.4625719076478,0.018942,0.19472,232.6,0.627226,0.0003511978,84.0,2.7705666666666744,0.6624,54.7746,234.8,235.237,232.17979999999997,6,2,4.139804595,3.388856611
33.95484166666667,0.0034858294000000003,80.5489654473235,324.16162555764305,123.68933522073118,27.415667859873004,178.86743438454454,116.44250359641467,1.0998300118793962,243.61266010849812,200.47229033691184,207.71912196920294,36.03596617723675,67.0984989580348,53.819796619263684,6.601594400465544,50.23223252489773,31.06253278079804,13.278702338720251,16.86626643313706,660.028531762078,575.3591118921223,601.942239035965,0.02274599999999998,0.189258,97.6,0.44551999999999997,0.0007623476,28.8,2.2741333334000005,0.48260000000000003,13.968799999999998,104.4,197.5316,184.1208,7,2,5.608698138,5.257184469
47.96807916666666,0.005613464885515481,77.53506836814006,313.8030382311755,119.67756825225051,32.98616337486186,168.09081077171072,109.5042593613146,1.3852777275594224,236.2679698636577,194.12546997892497,204.29877886986085,35.5354191102679,68.13175663508113,53.83888402389334,6.867026968278793,50.552131451822696,32.596337523024104,14.292872609415742,17.57962518183731,732.6224879247949,608.7760958700487,625.5153791344413,0.020303999999999996,0.18107999999999996,131.2,0.5151199999999999,0.0007872834000000001,41.0,1.9456000000000002,0.516,21.2582,135.6,200.2406,194.62779999999998,7,1,5.799303743,4.886049732
58.34000833333333,0.017769804538880222,72.9415467110233,358.4614347303162,125.89177981500374,50.9208895538748,288.2827903612198,107.13825227591958,1.3777797861525778,285.5198880195017,232.5696549153125,251.32318245439666,35.68228785432107,73.62435800656326,58.51304720689943,8.99025153201105,53.507943094734436,37.94207015224218,15.111310799499648,20.11641491182882,664.5815764855477,701.9840377249858,647.4781202756321,0.027034000000000002,0.18528599999999998,151.0,0.5592640000000001,0.00047547700000000003,49.8,2.0032000000000014,0.6456,32.0444,162.0,243.56959999999998,215.9174,8,1,4.824082363,4.2339731
55.858900000000006,0.017910832864778282,72.38040979003992,363.75100835739727,126.62315486413385,55.519934424674304,271.69869255124405,108.14636135429541,1.3001428887642554,291.3705985673574,237.12785349326342,255.60464700310186,34.75034874383276,72.53952930009326,58.838795167540866,9.451584122120693,53.25716125502139,37.7891805562605,13.700734132552384,19.28236804507187,614.1110522866273,586.5776518133223,615.2917354292557,0.02545199999999998,0.184422,133.4,0.54606,0.0004394714,47.6,2.4255999999999993,0.6262,29.3642,147.6,243.5366,241.4342,8,2,5.31921494,4.143843056
41.45492916666666,0.010189071534549501,75.91691102727934,299.6036447356754,110.70272371691635,24.256139592991193,149.80921783560902,104.77550721005241,0.9025667353035842,223.68673370839605,188.9009210187591,194.82813751083503,34.33951114824098,70.39709882488413,57.44778883518647,9.384419587847585,49.8258295251411,36.057587676376436,12.94930998969009,20.57126929973547,634.1983519740354,587.7712747571363,633.2791136116502,0.018991999999999978,0.165042,70.8,0.366604,0.0005123016,31.4,3.490133333333334,0.7336,22.3272,72.6,159.00060000000002,185.89079999999998,10,2,4.439333068,4.866626895
77.3786125,0.032118070801167777,74.78777188547413,345.93534705346167,112.955695522739,25.915805600889776,166.26580377077775,106.68148256055497,0.8252422685554521,271.14757516798755,232.97965152642806,239.25386449290667,35.446031379258486,72.98379723063458,59.93111149697726,9.678953175086223,53.240646145080724,37.53776585098358,13.05268573411812,19.743151085161344,678.7125655226885,607.8954103586968,664.8400328502294,0.017720000000000003,0.16199399999999997,149.4,0.411714,0.00029374399999999997,58.0,2.5024,0.7232,39.8548,159.8,231.79719999999998,222.045,10,1,4.725115255,4.383946889
50.43133333333334,0.0072204028555374,73.60558674710447,384.00452416427413,186.52440169777248,35.91164812112192,226.35357924562612,183.7920113942509,0.6286105110280549,310.39893741187376,197.48012246069243,200.21251276421407,34.939707989760805,68.13124839164718,55.142723734217235,7.188653823465697,51.757483546836305,33.1915404018216,12.988524657429952,16.373764844861775,659.605617901236,537.2897423012498,612.3068183364983,0.017442,0.160824,120.8,0.367116,0.0003597046,47.4,2.998189583333334,0.5326,25.752999999999997,127.8,176.2874,203.07139999999998,11,1,5.010430003,4.297760473
30.84858333333333,0.0035606168000000002,77.18737133313103,407.5916337703041,187.97291075968016,39.23313327660628,262.8438086436487,185.51475323140093,0.6993271507287886,330.40426243759424,219.61872301062394,222.07688053890325,36.271830183269216,66.73621414587936,54.1643695906184,6.213598816811635,50.93258929592089,30.464383962610146,12.571844555843256,15.803624849078435,642.4828263714718,516.0014599420332,614.221072654285,0.02112,0.17472399999999996,80.2,0.392256,0.0005934407999999999,30.4,1.2010666666666663,0.481,14.806000000000001,84.4,201.5802,190.429,11,2,5.817165632,4.815860401
31.9251625,0.010245912755326842,81.15702660993388,368.7670129735259,202.39278137808577,35.355455897665635,288.7555242437478,200.59278815042097,0.6050335926622702,287.6099863627936,166.37423159544005,168.1742248107797,35.59665671528704,72.21626596069112,58.770587610651674,8.278034985699714,54.13679691239653,36.61960924372265,13.4456783495964,18.07946904769628,620.7271888338602,587.290800385826,650.5972681025894,0.023552,0.15447599999999997,64.0,0.35186399999999995,0.0005987838,26.8,3.1488000000000005,0.6761999999999999,18.6632,69.6,156.3286,167.7088,12,2,5.138196404,5.046974839
35.91044166666667,0.00800521603312646,73.70641425597859,326.3463987286876,181.0066927315558,40.49445758413659,266.1102112822011,184.08150094119136,0.8043795259320925,252.6399844792446,145.33970600366743,142.2648977940318,33.17267843038159,72.56256395359358,56.990716967333334,7.800502317974187,51.46203482554449,39.389885523212,15.571846985862967,21.100529128049097,657.286596814755,573.3844162711146,741.6923652628714,0.018571999999999998,0.15300200000000003,92.2,0.39749799999999996,0.0005732577999999999,24.0,4.592918749933332,0.9795999999999999,24.3694,94.8,152.8112,148.5378,12,1,5.038525897,5.322525955
51.04985833333333,0.0016175234,75.14159813205472,332.370097186444,181.15610482217448,41.08178126623453,249.15493776489816,189.41658666431826,1.1124068189221454,257.22849905430473,151.2139923642695,142.95351052212573,31.83158483994161,61.57682010646236,48.554542731358886,6.242897634283118,44.608056676741924,29.745235266372788,13.022277375103466,16.96876342993115,621.2613807571411,678.4766697891343,835.037041213526,0.022278,0.171692,113.8,0.49184,0.0004866136,37.0,2.6508249999999998,0.6952,25.077199999999998,118.6,186.6008,166.8634,13,1,4.25125135,3.579510047
46.87165,0.0012881864000000001,75.18165891231163,313.6009602741611,178.3218351455148,41.68735258181638,255.0366116827085,188.45537109346043,1.334344102519361,238.41930136223792,135.2791251277616,125.14558918070061,36.76514042084373,61.44576951758071,48.2529635264679,4.0980960981399495,45.85271578417029,24.680629097014133,13.192805991389957,15.593053733687572,618.4972988284333,626.4776655460635,698.0268370742671,0.027449999999999974,0.200388,133.4,0.5408820000000001,0.0006814586,37.6,2.5322666666666658,0.5606,21.985599999999998,144.2,170.9456,174.15439999999998,13,2,4.29498918,3.415120863
44.20135416666667,0.01954706045716802,74.13859180380577,376.3878258193863,199.24123243274707,46.70882807557834,276.0589694993704,191.68135808558822,0.700693443628231,302.2492340160361,177.14659338605622,184.70646773379812,37.7918433250768,73.91507570893535,60.373942655361404,7.727701643934805,55.2471629770812,36.123232383243604,13.541133053573935,18.66791273185415,633.9679171347045,601.8208203625034,668.9194231223091,0.023090000000000003,0.162188,97.4,0.395436,0.00040391079999999995,38.0,3.3087999999333335,0.649,24.12,101.4,212.46480000000003,206.39480000000003,14,2,5.940625367,5.877261452
42.79725833333334,0.0115135895251568,75.49096866371677,384.95589113843204,192.32651723862142,44.02081903743727,241.95646313822294,187.60417736531227,0.970134279482522,309.4649224685205,192.6293738929458,197.3517137681236,34.666896164718445,73.45942180390799,57.75763669916379,7.782636542813305,52.65515196321454,38.79252563991928,15.701785105556601,20.804269840505505,690.1054327784777,616.7041837259163,706.7918384596278,0.021052,0.154732,102.2,0.45647600000000005,0.0005776557999999999,39.6,2.1217208333333337,0.623,24.877999999999997,105.8,229.6732,199.878,14,1,5.80135366,5.204619439
85.91430000000001,0.011883792951266601,69.31472114066337,403.3664343028728,170.82746014251168,42.59668721260193,230.651946027565,169.3193641111787,0.9976576840810714,334.0517131615666,232.53897416036108,234.04707018384966,33.79690980935211,70.18254541631248,55.255877513401344,7.783848506110738,50.91195079425168,36.38563560712998,14.926667903080737,19.270594623523785,642.3252926319235,534.6619467748459,584.1584071298815,0.02033599999999998,0.16069,206.4,0.4918620000000001,0.00024047159999999998,75.8,2.5813333333333306,0.595,44.528000000000006,215.6,252.04059999999998,253.3656,15,1,4.625318843,4.538093488
96.60175833333334,0.01403784091646268,68.88781456215477,378.0757107136508,177.0884495171436,36.92658913039606,214.98330232158938,171.41954821383382,1.1630232170070542,309.18789615149603,200.98726119650723,206.65616249981696,35.54884825262209,71.87476810006687,55.52313032001808,7.59490785495173,50.26827890878681,36.32591984625158,16.351637779424212,21.60648918989049,646.4603089105829,559.8649477329247,609.0257473245092,0.018699999999999998,0.160716,215.0,0.5024180000000001,0.0002628264,93.6,2.5600000000000014,0.6156,56.6428,232.8,245.9808,230.68779999999998,15,2,4.260459106,4.134752561
82.36235833333335,0.016466953269834418,72.38294608271246,392.551800713779,206.14917837325342,46.15392123061942,305.19960707249385,201.65418207504365,0.777097346169346,320.16885463263577,186.40262234052562,190.89761863873542,37.2672723486769,72.0115579464418,56.50713919129424,6.803677440348355,51.81164954150345,34.7442855978361,15.504418755429949,20.19990840490974,635.8367212888204,511.8757540738694,556.3132806421178,0.023437999999999997,0.172904,212.2,0.43142800000000003,0.0003005848,69.4,2.764799999999995,0.6744,46.77499999999999,224.2,220.03419999999997,229.9626,16,2,5.437833076,4.838466127
93.37230000000001,0.013743803474415343,79.78842206245392,391.11859872843445,218.64393564405609,39.54113940702192,215.05796814709055,210.660312860534,1.0942101892433211,311.3301766659805,172.47466309240522,180.45828586790043,33.25027552147986,71.60060543152255,55.20973072982075,7.825686196563825,50.38928025433843,38.350329910870784,16.39087470318024,21.21132517801221,663.4149723092953,571.1405141000793,619.9653927901575,0.01971399999999996,0.161976,213.0,0.493382,0.0002842338,78.2,3.9744000000000015,0.6692,52.1648,225.0,237.56900000000002,228.40860000000004,16,1,5.181994374,6.049928797
48.092983333333336,0.00482033500394762,78.35446008960213,379.7986759343659,185.05851730434568,68.88499517904252,229.9713231850197,184.69863116963595,2.3814692180360746,301.44421584470484,194.74015863002018,195.10004476472994,32.987583781848834,69.46120354293836,51.62860502165042,6.873483252167342,44.13341065082966,36.473619761089545,17.83259852138637,25.32779289210871,698.5159142693079,712.3782441218502,757.6777425997316,0.020207999999999997,0.16539399999999999,91.2,0.5937680000000001,0.000762242,25.2,7.828566666666669,1.3219999999999998,32.1306,96.8,214.9776,198.267,17,1,4.332304661,4.323936898
83.59337083333334,0.00857440516423318,69.76709547833434,399.77116808013,195.61975251353516,62.89726738771985,289.49642012806606,206.07644485656255,1.1472561731383755,330.0040726024848,204.15141556659492,193.69472322356745,36.69425246919433,68.84214130162692,53.6536841628578,6.1447624338421765,49.71153177946138,32.14788883261813,15.188457138954655,19.13060952279489,645.599029771281,572.7959234060773,635.1059484532615,0.025666,0.18252599999999997,202.8,0.52918,0.00027244439999999997,71.4,4.563200000000003,0.6488,46.884,214.8,231.03120000000004,248.00699999999998,17,2,5.649863377,5.122305605
40.0594375,0.0032500528,73.52465744053745,386.42896844093264,198.47039539997672,60.20662275910695,361.3903101211446,216.234073315571,1.0268677818090075,312.9043110003952,187.95857303871236,170.19489512536163,36.78147365026415,66.84110905326742,53.16269777199268,6.196915315054399,48.45744200497755,30.059635403718396,13.678411281989861,18.38366704900498,594.4983721612259,725.9952795487276,781.3278033056347,0.035372,0.17391599999999996,86.4,0.47519799999999995,0.0005312556,31.8,5.378133333333334,0.7162,22.255000000000003,95.4,213.30919999999998,228.0464,20,2,3.996953668,3.697667988
41.0785125,0.0018881298000000002,78.49118298738894,380.42371664152313,200.199613174693,56.067031076939166,289.83425309381016,209.3819100520475,1.0676007099112328,301.93253365316,180.22410346683014,171.0418065864107,33.420524703435525,63.18298111012389,50.178805318992914,6.525551063115801,45.91164127005287,29.762456405990275,13.004175791130962,17.271339840071,678.7259946023944,743.366741989312,771.5689262718112,0.029518,0.16462799999999997,85.2,0.507674,0.0005683108,31.8,3.857066666666667,0.6452000000000001,21.358,87.0,163.61639999999997,199.08919999999998,20,1,4.236545676,4.001915031
100.3475375,0.01344278503201568,74.20745505916726,404.65139465610645,201.69863552452637,38.212745702685005,216.5827912672226,194.22053340108073,0.8038950424389337,330.44393959023654,202.9527591322281,210.43086124501625,33.69220955651153,70.70461218429581,55.31076605594377,7.558334366521935,50.92034997925872,37.01240262632568,15.39384612765071,19.784262203892208,681.5779693264415,575.4338301655619,617.3419195936465,0.017690000000000004,0.148858,190.4,0.414768,0.0002016312,78.0,5.489066666666666,0.6688,54.702,197.4,213.2706,260.03560000000004,21,1,3.332521717,4.578006369
48.23665416666667,0.0060557988545249805,75.48953566342729,395.93547721558105,212.9144947332908,43.59719813472415,272.1896282031659,204.7058735372928,0.6925927817274921,320.4459415521537,183.0209824822902,191.22960367828824,36.117116787742816,68.10499795001154,54.51365047875595,6.370056502117145,51.05320638696171,31.987881162104696,13.591347471091549,17.051791563269575,669.4319393603053,531.6192652275024,627.3441004024804,0.02083799999999996,0.16383399999999995,108.8,0.39336,0.000364919,47.8,1.9242666666666668,0.5227999999999999,25.034599999999998,117.2,206.22279999999995,219.5532,21,2,5.051205708,5.019087645
63.24252083333333,0.0055049083999999995,67.50150389772861,384.32975523057667,170.08490486331976,51.27477599471852,314.50204734416417,173.06014285323226,1.2165266136319506,316.828251332848,214.24485036915948,211.26961237734434,36.40996178084913,67.96535674334982,52.9812342255977,5.888834272783887,49.392856673720466,31.55539496285336,14.984122518237887,18.572500070520306,617.2397635097456,585.5980850638362,621.817077395235,0.02788,0.189934,173.2,0.541524,0.00040012399999999997,58.0,2.474666666666669,0.5934,34.4572,183.4,214.62759999999997,223.35920000000002,22,2,4.96436573,4.494770295
76.10620416666667,0.004604858,68.70180000175563,386.2018014050462,162.45591370878853,57.80723072886299,337.52000267472556,169.47893783300216,1.2333061537954415,317.50000140329064,223.74588769777105,216.72286357204402,33.79567039423823,66.45772830775704,50.9969226992789,6.379544839061835,47.17640671991096,32.662057915231095,15.460805608478125,19.28132158797633,652.8556199777777,671.8888127389736,693.1518533671035,0.030678,0.182594,219.4,0.5159740000000002,0.0003940704,67.8,2.956800000000004,0.62,40.043400000000005,235.4,205.198,206.0806,22,1,5.293564108,3.937948965
66.58061666666667,0.01787840895492574,76.73106720269811,413.3639974417746,215.89805273257048,48.09414478011005,275.48850055692236,206.11616313345476,0.6296562867437816,336.6329302342285,197.4659447043562,207.24783430347188,34.59066630911695,71.26972792547834,57.68721845304823,8.467008446968077,53.65278203391542,36.67906161636139,13.58250947178567,17.616945891562914,642.7226591258111,636.9708986222407,579.5795776015001,0.020216,0.15878799999999998,135.4,0.36618,0.00029030660000000004,53.6,2.6453333333333338,0.6148,32.3968,144.2,231.51839999999999,231.3074,24,1,5.771733037,6.01493976
34.5683625,0.00885113885074948,81.79561056262025,401.68731724032295,214.98952026550108,40.85137799655608,280.2613892277122,207.97092007816076,0.6641714539313727,319.8917066766173,186.69779697482184,193.7163971583886,37.52862153360552,71.0529360474302,57.84411430073535,7.367982100608302,53.829443649955365,33.52431451482041,13.208821746984976,17.223492397764954,635.9766258924717,559.6614793008703,620.8807230428904,0.023629999999999977,0.169394,72.2,0.34102,0.0005452114,29.6,1.6395104166666656,0.5391999999999999,15.878800000000002,76.8,211.9602,205.99579999999997,24,2,6.151381432,5.68979625
88.706625,0.021836526830064578,71.6833160587945,402.0921478069999,193.40797973497723,61.32550789086788,443.9374055931542,200.68654457000406,1.2881114934169522,330.408831748697,208.68416807202266,201.40560323772442,35.191046493559,73.88032112029214,57.52440686799194,7.711887724890694,52.97936000784441,38.68927462592128,16.355914251488333,20.900961112258045,639.2722475928434,447.8271757469327,576.2311556181505,0.03285,0.18416,280.2,0.53704,0.0003490688,88.2,2.8863999999999996,0.5858000000000001,53.2912,304.4,301.13599999999997,277.7906,25,2,5.022669773,5.078528199
71.37288333333333,0.014639689544707738,72.27410907680427,394.529334494551,191.8622487725455,65.69211473748278,454.485046276723,207.8904280423971,1.499362233546289,322.25522542214907,202.66708572884443,186.63890645655624,36.197063017000964,73.01191800312117,56.38358765941102,7.119298197133811,52.17341390932089,36.8148549862316,16.628330343224388,20.83850409205943,674.3981964571773,527.210114603148,622.4930903860534,0.034568,0.19013599999999997,233.8,0.5849759999999999,0.00049979,69.8,2.0288000000000004,0.5456000000000001,40.3694,251.4,240.3904,234.1836,25,1,5.016636519,5.041118633
32.87705833333333,0.0022700131999999996,70.70858010298986,351.8294717995383,176.7076803839787,36.1107376427765,221.15889041086848,172.264172232938,1.0448191460100333,281.1208916937452,175.12179141107717,179.56529956286414,35.66101946731571,65.54656980285908,52.28686562774031,6.173407211602138,49.02583048544556,29.885550336399678,13.259704175975083,16.520739318269825,621.8884940183553,576.5773911124822,669.3497334346285,0.020314000000000002,0.181376,82.6,0.4827860000000001,0.0006467742,28.8,1.5445333333333324,0.51,14.4934,88.2,193.92980000000003,180.3898,27,1,5.200000841,4.340797754
50.88319166666666,0.007417044705277739,71.21697782800761,362.1098412975904,180.25101910877478,33.82202184273654,226.0476395730288,176.67269122619763,0.9516630583450836,290.8928634714116,181.8588221906444,185.43715007752732,35.51575616314904,70.4064593235189,54.33827292304885,6.716087515954234,49.87143555125274,34.89070315941176,16.06818639951194,20.535023771308058,650.0684175691661,557.1768607483558,552.9047583544366,0.019611999999999997,0.17807999999999996,124.0,0.460518,0.00047129800000000004,44.2,3.144354166666665,0.6418,29.258,128.2,193.8074,165.5526,27,2,4.652766174,4.254742342
58.57619166666667,0.00985848917751476,73.87854752321125,389.68510264277774,197.25495224017715,41.802859668345555,223.15719622620296,190.89923502060446,1.2789552218801405,315.8065551205897,192.43015040260062,198.78586762217327,35.30033092461315,71.9404855536512,55.29697044141343,7.101454761857781,49.00676326782896,36.64015462960735,16.64351511255652,22.933722286482645,642.8332381897093,636.7654648694919,683.5921691675044,0.022004000000000003,0.16428199999999998,147.2,0.46696600000000005,0.00046774399999999997,48.2,4.049987500066669,0.8210000000000001,35.577999999999996,161.8,187.77940000000004,223.413,29,2,5.293564108,4.84387699
42.04892083333333,0.0032660132,65.91978958958373,362.653943686826,179.33597731880073,41.68962061709887,212.92039221115587,173.0136794389206,1.0572064180315526,296.73415409724225,183.31796636528608,189.6402642386936,34.93226931432706,67.41283554137256,52.18425943881012,5.852558035967993,48.381606534802984,32.48056622582722,15.22857610130104,19.03122900565642,615.563927992651,679.3826791966022,688.0222217027612,0.02163599999999998,0.18061,107.8,0.47697599999999996,0.0005491312,36.2,2.269433333333334,0.5912,21.605,112.0,185.66379999999998,176.3678,29,1,5.190017403,4.500852257
29.29017083333333,0.0017324656,77.60615658352012,356.19783397203537,182.5665943784314,62.716814363112846,221.8293978144618,170.3181483530306,3.8286757398798725,278.5916773884668,173.63123959360394,185.87968561900476,35.10880758096495,69.23073709537599,50.992564169336084,5.223646271822175,44.295828461235125,34.12192951441104,18.23817292587602,24.934908634140875,719.499414322465,766.5742360474856,777.6227298957859,0.043662,0.20638199999999998,58.2,0.599596,0.0018942896000000002,14.4,4.231812499999998,1.2078,19.1496,61.4,189.07319999999999,187.1966,30,1,3.643579556,3.017186633
38.977662499999994,0.0015589453999999999,74.61731581713137,365.01853054319736,177.37173163827822,59.50624594195371,210.35767878763778,182.23101529774758,3.4991130359523495,290.40121473166016,187.6467989062947,182.78751525104394,35.46709865974166,65.02438121894747,47.737842158034184,4.4642069649798035,42.86594744918781,29.55728255920581,17.28653906071479,22.158433770135403,685.2110430909761,628.6793399428295,737.2016970627459,0.026238,0.198988,71.0,0.6858759999999999,0.0012284876,23.4,4.921599999933333,1.2404,27.538600000000002,77.2,199.48319999999998,200.12459999999996,30,2,3.716695667,3.82418988
80.53269583333335,0.0192087955224621,81.32370476159038,393.97588158406165,222.77532703691637,42.681063658577116,265.3290971648503,218.6341946971118,0.939635593810514,312.65217682247123,171.20055454714534,175.34168688173108,35.204767807031416,73.67148838576394,57.42490860851294,8.571587599823149,51.258437281060615,38.46672057902101,16.246579777250986,22.41305110477138,665.1596497566718,571.4459449300616,666.1206233231354,0.02144399999999996,0.149736,164.2,0.450538,0.00027828460000000005,55.6,4.8469333333333315,0.8392,45.431000000000004,177.6,212.651,186.2698,31,2,4.783504094,5.49574142
74.38119583333332,0.01602514818139736,75.68511187102806,386.6138513566749,224.5448183938027,39.0970979740484,273.8636132677557,220.05648720923372,0.815707233187623,310.9287394869807,162.06903297275863,166.557364167095,35.30015199967511,72.8220426919427,56.856410289668794,7.902259134467991,51.83790070930072,37.52189069088485,15.96563240155516,20.9841419824512,665.6884320306829,572.2692254156501,679.9406187890604,0.02429,0.163484,159.6,0.43148,0.00027802539999999997,56.0,3.385600000000001,0.7976,42.1676,171.4,204.639,205.36640000000003,31,1,4.577678207,5.329944286
67.24192916666667,0.02391979498951384,78.08828833849955,395.28624604224484,221.26190708322412,47.40313074288601,301.236240035612,218.616120969689,0.6660265197072928,317.1979576993479,174.0243389590207,176.67012506997077,35.48888348118374,74.70912036844715,58.8525291837408,7.763584691828369,53.55630214591641,39.22023688777191,15.856591184706346,21.152818222530737,648.6848584251944,525.4325723980521,627.8135253369124,0.02001,0.153582,151.4,0.37717199999999995,0.00040721,57.6,2.5472000000000015,0.7178,40.854800000000004,161.8,219.6986,219.82779999999997,32,1,6.294873496,6.069349337
48.51223333333333,0.0192973013293952,72.69773230880398,407.4493766986626,180.05165046326584,38.21486969989573,274.2422322418645,171.129052466114,0.9194631770189602,334.75164438975634,227.39772623539685,236.32032422321623,35.376901132366505,73.90178664014398,59.06804051608303,7.9735866763104415,54.004185656461075,38.52488550649646,14.833746123662516,19.897600983682917,606.3334685073066,541.0128754644612,638.2663122612295,0.023504000000000004,0.17594599999999996,126.0,0.44827199999999995,0.0004143886,41.4,2.8501333333333343,0.6848,28.406799999999997,132.8,248.7638,207.1474,32,2,5.386369273,6.1089171
57.48952916666667,0.02015618855809078,75.58278624725901,394.86281938114223,229.2976369664096,49.74276548482345,314.1600032810856,221.4792925010685,0.6382973730003025,319.28003312947055,165.5651824147326,173.3835268800737,34.899981976438085,73.82295143736899,58.743822767915844,8.159109518354446,53.514427171620795,38.922969460930915,15.079128669255756,20.308524265748197,682.711785676551,518.0040996380336,598.1340815802635,0.020004,0.157594,125.0,0.32188599999999995,0.0004217248,46.0,3.0762666666666667,0.7228,33.016999999999996,134.4,227.17260000000002,192.2004,33,2,6.133183139,6.447926587
56.92312916666667,0.021261202832739322,72.93508822242515,389.9919915199591,179.3488324315182,46.31295630727122,264.9423492656928,165.57442956239532,1.444118999566395,317.05690329739616,210.6431590884409,224.41756195756375,34.95126051896978,76.32735459102453,59.279161763770844,7.632957683537103,53.211463877688914,41.37609407162422,17.048192826823172,23.11589071332361,607.8008361046493,478.79841200281635,566.9465322438674,0.02586399999999996,0.17924199999999998,143.6,0.5602340000000001,0.0004631716,46.4,4.40884375,1.0108000000000001,36.39399999999999,157.4,227.88539999999998,209.9192,33,1,5.277815778,5.302901908
75.58083333333333,0.0039697128,66.63712575954685,353.78494847971086,185.14064939431222,48.99706644455139,251.76237020436392,172.96748038202867,1.2656677433715533,287.1478227195216,168.6442990762489,180.81746809374962,35.23858201558846,69.89952685970158,51.28632914628837,5.771000441494318,46.80029836930869,34.660944843173425,18.613197711413214,23.09922848945319,649.2323157205207,651.2860387656985,614.4943835155198,0.022106,0.183072,191.4,0.528068,0.00034240819999999995,66.2,3.2490666666666663,0.7162,45.181799999999996,213.0,198.8974,194.5104,34,1,5.490489912,5.849168493
125.45491250000002,0.01155743736982396,65.67708334611373,358.9238704832299,181.53072264944672,41.00279490085673,262.0005022488386,173.2088100245795,0.97077805976124,293.24678713711614,177.3931478354954,185.715060454804,34.92748841434709,69.05288949535888,53.413696966606516,6.626793264271899,48.9679176980375,34.12540108161492,15.63919252875237,20.084971798069667,647.1940375739206,588.1733604318728,551.4979445062547,0.025971999999999978,0.18212799999999998,307.2,0.48469999999999996,0.0003036793891254469,105.6,3.778133333333332,0.7118,75.66839999999999,333.4,199.671,182.8732,34,2,5.38249587,5.592839162
36.228541666666665,0.01017918159526844,85.57475548895061,365.7336878829942,210.91460090449232,43.89082522194589,235.11402142105948,205.56745306910398,1.2974217586829635,280.15893239404363,154.81908697850196,160.1662348138903,35.40939354020766,71.38723980294176,56.604130335034235,7.387141683456972,50.504039123519405,35.977846261458104,14.783109467907536,20.88320067991122,664.7783337985438,560.8040882261311,602.8739108427596,0.01904599999999998,0.162702,80.6,0.42289199999999993,0.0008208124000000001,29.4,2.432,0.8782,19.871,84.0,179.4184,186.7772,35,2,5.399636573,5.354908128
42.190804166666666,0.00701719279944944,75.99486160599648,397.76394847058896,196.33320117206023,53.82902930518719,257.0797910014592,201.4823176918497,1.4176914998627559,321.76908686507596,201.43074729852873,196.28163077873924,35.36771794626583,65.81424168195187,52.852421049147935,6.271326523037621,48.29727518147803,30.44652373699588,12.961820633115519,17.516966500473842,648.3454995282411,621.1714226523725,711.4604820037729,0.021248,0.17532599999999995,98.0,0.546374,0.0006125633999999999,26.4,5.326933333333335,1.3244,23.476200000000002,105.8,204.3902,256.3092,35,1,5.630835698,5.164826009
45.546170833333335,0.01080951506634632,74.4565021269813,375.15566445603633,187.74205770083455,50.07200182361389,280.70540938298876,189.38922647490034,1.1919035813131973,300.69916232988936,187.4136067552018,185.76643798113602,34.27824216289805,74.93753633276448,57.38973023453766,8.026435503414625,51.99507291168277,40.65929416986642,17.547806098226822,22.942463421965606,637.005048182909,521.0639998220746,593.7484646026713,0.023488000000000002,0.16326599999999997,108.8,0.511542,0.0005823666,33.6,4.213333333266665,0.8805999999999999,28.9022,117.2,198.4468,231.949,37,1,5.232568404,5.346456252
36.09855833333334,0.00800118653394426,71.55171820888211,388.92194490312215,193.74190925639232,46.83770855894595,338.0478951673664,190.31720667454078,0.9059053362910234,317.37022669426256,195.1800356523845,198.60473822858143,35.106186684045284,70.33921389813014,56.32793116150265,7.498075436568439,52.57381175388507,35.23302721486159,14.011282737470799,17.765402144245066,651.590714762683,528.30305294034,643.1053341321124,0.023958,0.16576199999999996,92.0,0.430138,0.0006092314,31.2,1.6510312499999997,0.575,18.253400000000003,97.2,231.502,207.76859999999996,37,2,5.709427944,5.414533884
50.07653333333333,0.013079315619868198,70.82862482505057,365.98644771761167,101.97067904436682,34.236326803576084,197.36783257168483,93.66298416946258,1.1080211900319248,295.1578228922561,264.01576867324485,272.3234635571296,35.94510666196943,71.03148286778148,58.044276699672835,8.51426583290308,52.36992743897745,35.08637620501517,12.98720616755474,18.661555428867693,648.632430843614,537.2279792614827,631.4164000698345,0.02385799999999998,0.180826,125.2,0.47508999999999996,0.0004963643999999999,41.4,4.349866666666665,0.6812,29.2582,128.6,274.38620000000003,260.169,42,2,5.762105433,5.201322553
74.6728375,0.026889770400000002,72.67332026635759,362.91303149962863,100.45269976103008,29.478158186915948,158.68953090188637,93.78696087750818,1.0897828627379291,290.23971123327107,262.4603317385986,269.1260706176015,36.06394408098724,73.33304802379209,59.26163079411011,8.811594896256862,53.77573255621324,37.26910394294058,14.071417229817706,19.557315467510705,648.1843523491067,534.0062526318492,621.8124044995659,0.024955999999999985,0.18305,171.2,0.50701,0.0003390024,58.2,5.292799999933332,0.7224,42.38440000000001,177.0,261.5408,253.629,42,1,5.108503027,4.790710224
37.270875,0.008371351722424498,71.02098631942351,375.30634216744943,100.08521593460601,41.982651711812665,263.37593423831737,87.47002701718762,0.9986391738094594,304.2853558451469,275.2211262328434,287.8363151502618,37.173523497773864,70.17297994633819,57.49074369846626,7.250507387128295,53.12874510605409,32.999456448887834,12.682236248942754,17.0442348406076,655.5376960537736,510.4574785577238,579.3366375009251,0.02873399999999996,0.18403399999999998,111.4,0.47009999999999996,0.00055399,37.4,2.197333333333335,0.5296,19.8654,114.8,279.133,260.44079999999997,43,1,5.683961929,5.05420031
24.55592083333333,0.0030485116,67.08834141013551,351.45471985298553,102.17182151519538,45.471321102836484,307.36963485761015,86.59637891502368,1.3478590605472796,284.36637844186583,249.2828983377902,264.85834093796194,36.19963044220465,66.03103010484203,54.74508162194174,6.728399787247343,50.60379163030251,29.831399663461603,11.285948483724507,15.427238474957724,633.8200957791998,523.5964171457616,566.0372483189904,0.029803999999999997,0.188836,73.2,0.50799,0.0010176552,23.0,1.4762666666666677,0.5008,11.4278,77.6,247.993,258.84540000000004,43,2,5.313401184,5.001892202
86.2821875,0.0054278884,66.20930437195321,357.06166758204904,163.06775608922857,85.72306560811117,337.632732402824,131.89723754728226,2.8751903240595302,290.8523632091923,193.99391149302883,225.1644300349752,34.25136116358014,67.92089925207146,51.69610155191672,6.825509798107651,45.80424429164289,33.66953808663031,16.224797698865324,22.116654959139147,681.0341663297802,761.1081759117294,819.5495207866077,0.048344,0.21823800000000002,211.8,0.71002,0.0005774296,59.8,6.118399999999999,0.8907999999999999,52.241200000000006,225.8,253.9454,239.86039999999997,44,2,5.0608051,3.907237225
73.2300625,0.0034077881999999998,69.45054272801455,382.1154591090804,181.52060301760395,93.03600547202855,245.075132475183,174.84045458756478,5.398855833156473,312.6649163813453,200.5948560914764,207.27500452151563,35.707002145488545,65.64975823999286,50.31573570406433,5.495623045578733,46.316718087142874,29.942756093346325,15.334022535643948,19.333040153234325,726.3165558454036,706.6058791098775,838.4353389158853,0.05800799999999998,0.219936,144.6,0.8149599999999999,0.001098706,55.2,3.669333333333333,0.767,42.085,157.6,270.3876,265.4614,44,1,4.541779253,3.791975461
39.30947916666666,0.0152140275157561,72.34599199506755,345.6423037395589,122.92168392052766,34.33399809569222,267.1121174444972,112.86355521709876,0.6726270407325585,273.29631174909457,222.72061982363448,232.77874852706336,34.622714452696655,72.64171811627645,59.48185767467446,8.598767460479696,55.70146043886889,38.01900366417802,13.159860442506695,16.94025767831227,592.3201886290324,541.1541898357394,659.7318578911651,0.026237999999999963,0.185682,100.2,0.35069799999999995,0.0005003388,35.8,1.3418666666666685,0.4822,17.021,105.4,230.7826,221.4378,45,2,5.538978871,5.251523706
56.704075,0.033997874012213256,76.16684141376956,370.7025804584829,120.74806924139857,36.4889826587622,241.27429130230635,110.52465042938971,0.7057916333027872,294.5357390447011,249.9545112170843,260.1779300290931,36.30401282077291,77.03451261209293,61.74485992107299,8.571255837842953,57.92550361098466,40.73049979074646,15.289652691939443,19.10900900110827,609.7216437579225,508.30393748846546,546.3773060753208,0.022609999999999998,0.180618,157.6,0.41061000000000003,0.00034333340000000006,56.8,1.501866666666666,0.5012000000000001,28.468799999999998,160.2,244.6598,236.6888,45,1,5.578534697,5.451626379
33.2995,0.0035428281470213604,71.47946566295361,344.05958435121073,127.22323361310532,38.80733601829987,187.33699058842888,111.93052011272371,1.7781264175649596,272.5801186882781,216.83635073810547,232.12906423848705,35.38748689099628,67.8564040973876,52.532438981637654,6.440413686933975,46.19768036097069,32.46891720581672,15.32396511517535,21.65872373635217,777.729776349338,669.9299323279065,736.269999853221,0.02163399999999998,0.180424,74.0,0.607734,0.0009021606000000001,20.6,3.8528,1.0706,20.852800000000002,78.0,206.4264,210.9844,47,1,3.862214073,3.171456751
26.340833333333336,0.0014300358,85.09994855379118,318.45657118236204,123.77416234644622,32.2404890866636,140.20027865494234,113.03072954976842,1.39304633135362,233.35662262869658,194.68240883591585,205.42584163259363,34.995554411928914,66.07854928642483,50.422376106450805,5.974431712303977,45.36011434646169,31.082994874376322,15.65617317985443,20.718434939843537,716.5956439550766,704.0752675949246,682.2919694380103,0.020342,0.185044,55.0,0.5029079999999999,0.0010257105999999998,20.2,1.8112000000000001,0.7096,14.559999999999999,55.6,175.703,152.9844,47,2,4.504225692,3.683352027
34.89773749999999,0.00541821991247558,75.57358039967193,351.4240110458769,121.93235650508913,49.11048129412236,185.90964242418093,106.95555746852024,2.7787498579287115,275.85043064182094,229.49165454078775,244.4684535773566,35.741609708583795,66.04687784200596,51.64459550862845,6.212642182676099,46.18132326113821,30.305268133659787,14.402282333309211,19.865554580799447,674.2381792752325,662.0347250914809,773.1760700831957,0.032934000000000005,0.20766,74.8,0.646806,0.0015659509999999999,25.4,3.8307666666666655,0.736,19.2084,77.8,230.544,228.31499999999997,48,2,3.888033248,2.947854996
51.2199125,0.004190877399999999,73.45979243519403,360.27940823725106,120.82081660717309,57.13510785892821,232.04588850469992,96.35297383575319,2.929426268028151,286.81961580362616,239.45859163007793,263.9264344014979,35.99593574815675,67.71077409555475,52.11869751593972,6.373132162730654,46.48084113232954,31.714838346860727,15.59207657961503,21.229932964097053,743.7324202093073,655.1247581699122,765.3595797409474,0.035106000000000005,0.20501199999999997,135.0,0.691978,0.0012640652,40.2,3.0613333333333337,0.7527999999999999,30.275,137.0,248.54000000000002,231.708,48,1,4.438737117,3.790904315
117.05177083333334,0.06311185003647404,73.15194112485162,340.7679538541969,120.89442812806006,26.151514119443824,130.426144518052,113.73930373026887,0.9333213641269593,267.61601272934524,219.87352572613682,227.028650123928,34.65707900469093,76.23024689263222,60.39469596955106,9.730531126842937,54.47810676106396,41.57316788892077,15.835550924060646,21.752140133204698,660.1891239806544,588.9732133757061,602.6666553228332,0.016634,0.16048999999999997,215.6,0.46624999999999994,0.00019129500738241712,84.6,5.2511458333333305,0.8852,70.87819999999999,221.8,233.20120000000003,223.5772,49,1,5.184594229,5.433575118
93.73128333333332,0.050773899557515004,73.27509850548608,375.2988321238312,117.99901428397047,27.633427750380143,144.4491869033256,111.19680765993562,0.9247077566944233,302.0237336183451,257.2998178398606,264.1020244638955,35.17716745471282,76.330986543546,61.00001714309029,9.970880546144986,54.835128826432914,41.153819089000784,15.330969401455269,21.4958577172807,650.4893782139494,593.5235338059886,649.4557517455147,0.015561999999999998,0.156478,174.6,0.444248,0.0002212482,78.4,3.1850666666666676,0.7258000000000001,56.2014,182.6,237.0776,251.2404,49,2,5.109073517,4.833639306
51.6872375,0.0042538994,72.28179651349953,336.5686280012036,100.77536876569323,34.585248628453016,188.5468788510214,92.06716443653359,1.4730461989680361,264.28683149431606,235.79325924135878,244.50146356733157,35.16675352547521,66.58686781883938,52.80509195251206,6.444815002628703,48.93799662495199,31.42011429295505,13.781775865878993,17.64887119388738,651.1470503017142,530.7258426833621,579.018923269012,0.028206,0.191182,149.4,0.5741879999999999,0.0005240873999999999,52.8,2.4213333333333344,0.5186,26.8416,153.6,223.28000000000003,245.52119999999996,50,2,5.770041407,4.849643687
70.03464583333333,0.005558993,73.68121369963087,369.61359142325034,104.13503025876048,53.9530364763951,239.50003577120637,85.92643530579157,2.1177821010267435,295.9323777248093,265.4785611644899,283.6871561190852,35.58099146551289,70.10430095784427,52.960718076005676,6.196156514920314,48.92100257621989,34.52330949233139,17.143582881748518,21.183298381624375,701.4168143465922,546.2448672160257,563.0436594914256,0.029759999999999998,0.19411199999999998,188.4,0.629296,0.00045955200000000006,61.6,2.8991999999999996,0.6434,40.1982,197.6,270.1326,278.0176,50,1,5.394588155,3.994165679
45.63344166666666,0.0023285995999999995,73.941270835415,331.5020513633018,108.74098553552389,26.36248537316617,141.4420518326996,101.4447239415245,1.19788738306405,257.56078052924397,222.76106583244047,230.05732742177725,34.88856618733835,62.756025710255855,50.56406689725618,5.928147168280097,47.02997124591694,27.867459522698216,12.191958812393981,15.726054464119624,695.846714086805,608.1374805794836,697.8960775795763,0.018358000000000003,0.17906799999999998,110.2,0.5270819999999999,0.0005246582,40.2,1.9326312500000022,0.5822,23.4078,113.0,220.5966,230.411,52,1,3.991191068,3.484147432
66.36743333333334,0.0030084099999999996,73.79951027790432,361.32538507302525,104.66266326783341,24.546804288426717,110.39544282382876,97.57447857015798,1.4426501573557922,287.52587479512096,256.66272180519184,263.75090650200457,35.19544861420866,63.229193901712335,50.240517153052565,5.905245366170204,46.065672389658786,28.033745287503677,12.98867674902857,17.163521512053542,688.585640084236,645.3480620953018,739.3490307244504,0.019628,0.18353999999999998,151.8,0.56267,0.0004021856,55.6,3.226716666666667,0.6439999999999999,35.0424,153.0,245.25459999999998,248.5854,52,2,4.057951826,3.307912725
56.63706666666667,0.0064717518,69.15006027474945,350.31283780530157,157.49775824392825,41.36610194823644,310.17763846361305,148.53837629580295,0.8999008271811849,281.16277752887515,192.81507956217212,201.7744615102974,35.07287212007854,69.00604425608184,54.42966920955179,5.936931761243541,51.672384075319584,33.93317213764307,14.576375046530043,17.333660180762244,575.3144437708867,526.1844934866592,613.8644237107893,0.025507999999999982,0.185756,179.2,0.446328,0.000359648,51.8,1.806933333333334,0.5069999999999999,26.143,193.4,246.397,213.5718,53,2,5.39482101,5.599982872
41.788895833333335,0.0025781432,67.14206149489242,380.6934788953303,161.3516228470823,38.24537406411919,286.9994486224492,151.96791066815075,0.9029162841884313,313.55141740306993,219.34185603981524,228.7255682271795,35.800505617263646,63.78037198840049,51.833102084372875,5.2770166847727324,49.27259592793098,27.979866370117925,11.947269903008694,14.507776059450581,604.9780142846305,647.9791844813517,674.329065820532,0.024659999999999998,0.19190400000000002,128.6,0.45881799999999995,0.000458492,37.4,2.0416000000000003,0.4978000000000001,18.383,143.4,183.3288,199.4014,53,1,5.184765895,4.838372063
32.908954166666675,0.0013264635999999997,70.0785435024083,329.85947347289016,173.48740956556435,33.621887548186415,198.11071815063522,170.25742574659247,1.1721510580899337,259.7809299720616,156.3720639073258,159.60204772629768,35.24926508958323,64.0563574899137,49.655692364172545,5.5405573595069635,46.21192606939671,28.807092400556847,14.400665126868509,17.844431421106442,701.2510829012945,675.4380842031954,719.0283512455977,0.018396000000000003,0.190194,74.8,0.4568420000000001,0.0007393418,28.8,1.442133333333334,0.5384,15.9232,78.0,152.2862,173.5644,55,1,4.885305046,4.318191448
35.72445833333333,0.0016456603999999999,69.66229006220776,333.01537234466014,176.420674166713,28.838098527372544,165.84421995364272,171.81936942784978,1.0423691404084365,263.35308227425514,156.59469816957233,161.1960029170103,34.56636486328499,64.23339980016969,50.38635715843888,5.923982215807002,46.663115669121325,29.667034936884715,13.847042642726546,17.570284131048375,688.8660916879342,654.9224924442154,705.631948368385,0.017686,0.18246399999999996,75.6,0.42757199999999995,0.0006140072,26.2,2.708266666666666,0.6836,18.254399999999997,79.6,169.3252,154.33960000000002,55,2,5.415966252,4.795140676
42.62885416666667,0.0013246008,74.89978726854947,330.87593698852834,200.82141942491086,46.68994750431301,251.52314717270275,206.66157480283317,1.3454607469860775,255.97614971997888,130.05451756350834,124.21436219477891,34.33646344983715,61.415020570650924,48.466309589036676,5.467551183091998,44.81067768520875,27.0785571204583,12.94871098218841,16.604342886016337,678.4632643858213,636.3976683398025,717.4336058563957,0.026276,0.18643800000000002,99.2,0.502804,0.0006848558,39.2,2.363733333333335,0.5645999999999999,21.3566,101.6,166.6658,178.945,56,2,4.437833076,4.222688326
65.0605625,0.0024147594,74.12399065424657,362.7562820922355,196.12471357297713,49.20648798647118,273.91095962590816,203.1903575731073,1.3822101250711212,288.6322914345018,166.6315685192584,159.5659245191282,34.43891954757927,64.91695546176933,49.303671297314665,5.680022217705216,44.62652629999629,30.478035914190052,15.61328416499589,20.290429161773027,707.2469686555005,640.2900014925716,726.8661089848752,0.024641999999999976,0.17971199999999998,162.8,0.518756,0.00043990739999999993,56.8,3.042133333333335,0.6636,38.985,176.8,205.23259999999996,213.2756,56,1,4.589821648,3.651651546
59.46289166666666,0.0075436140119914,70.38334511918215,328.1563207294848,188.9299953537885,38.001054428297174,291.4856234395306,183.76130572842533,0.5851460484548484,257.77297561067815,139.2263253802241,144.3950150010595,35.52708962272558,67.55811470741037,54.68270187932126,6.384641992964794,51.0025236108054,32.031025084518745,12.875412827886143,16.55559109660497,652.3519896070035,579.1366739727407,685.9824332595489,0.024724000000000003,0.173364,152.4,0.33448199999999995,0.0003107958,51.4,3.3365333333333345,0.6238,32.226,165.2,174.69779999999997,184.6482,57,1,6.580970948,6.140326849
46.89930833333334,0.00875913233373294,71.94767446892389,324.25742810554476,192.1443656385746,36.0362275638629,288.24801988634175,186.90792397316005,0.4511106319640886,252.30975363636662,132.11306246697012,137.3495041323847,34.847851630689824,69.23469704827883,56.35143498131638,6.77075332378846,52.72319519992609,34.38684541841337,12.883262067786816,16.511501849177108,629.1315492730287,640.7481046644283,700.1922300220707,0.023167999999999977,0.165026,112.2,0.284722,0.0003424794,43.4,1.7407999999999997,0.5524,23.880600000000005,128.0,151.8562,145.06199999999998,57,2,6.559090569,6.273069487
38.689366666666665,0.0018647168000000003,78.52190639203906,348.3112814252349,199.60866360682172,44.81667624854431,315.6183556171509,207.67223013349926,1.082179143052485,269.78937502668924,148.70261781841313,140.6390512917356,34.57996685289942,64.11759369098426,50.052741326885936,5.884527526182437,46.01882637539126,29.537626838225236,14.064852364238723,18.0987673156219,713.143184424519,718.7335140498179,773.808513119099,0.03109,0.17473,88.0,0.43364,0.0007895620000000001,30.2,2.9290666666666674,0.6446,20.138,96.2,174.81300000000002,173.94379999999998,58,2,5.20562296,4.620665741
38.24154583333333,0.0007965985999999999,72.13270827812796,333.1142456067422,193.1059175287623,53.80874528559057,332.5589764952689,204.23175026449417,1.9959968529232412,260.9815373427464,140.0083280879501,128.88249534197365,36.03494392161036,62.13938582526684,46.96080961974133,4.236280887612385,43.47907518950568,26.1044419037698,15.178576204801763,18.66031063602814,715.9044758593385,721.3580222014294,747.5638275156238,0.03297399999999998,0.190166,117.6,0.60816,0.0010321934000000002,35.0,2.7946666666666653,0.6566,20.8218,140.8,167.1776,188.1188,58,1,4.199100957,3.527104177
32.44285416666666,0.0053798426,74.59446444047421,382.6868053218268,223.6428867333321,47.125317874632366,328.8964005033393,224.31383520858572,1.2043068114421123,308.0923408813526,159.0439185884947,158.3729701132411,34.96297213768906,72.60644840841393,55.92199874013697,7.768163736543448,49.90542596290698,37.643476270401415,16.684449667790176,22.70102244518348,653.8532230590998,550.2345881035959,637.8585097524712,0.024977999999999997,0.162224,69.8,0.468158,0.0007261780000000001,25.6,3.4533895833333332,0.7567999999999999,19.186200000000003,77.8,214.9294,225.19699999999997,59,1,4.495716785,5.15663294
47.205820833333334,0.0186758246,84.08544217570733,409.0259858582102,223.9157330604142,45.319259898644596,318.19372877057623,214.58624149620528,0.9198814665947749,324.94054369120266,185.110252797716,194.4397443709461,34.878306483041186,75.59279912840942,59.06287989674529,8.283841216096194,54.32445790020417,40.71449264512044,16.529919231857317,21.268341228003266,647.9982897983422,539.566581731496,605.732911656568,0.022194,0.15737799999999996,107.4,0.41113799999999995,0.000437459,39.6,2.8981354166666677,0.6564000000000001,25.098399999999998,116.2,230.766,220.9726,59,2,5.574491394,6.523917364
81.09829583333334,0.013399074616908818,72.8059197809059,388.41304985996123,198.3798890394929,40.552126826894884,226.12909541564494,187.2189173084099,0.9276090174959315,315.607130079073,190.03316082046828,201.19413255155132,35.03999414114382,72.98490632375601,56.05875825151702,7.327656827272245,50.882251791989944,37.94491218322735,16.92614807322596,22.102654532741994,638.4208847689326,553.0011886967335,578.684833923314,0.01957599999999998,0.17396999999999999,191.8,0.432446,0.00030941620000000003,75.6,3.6202666666666667,0.6868000000000001,48.88799999999999,203.0,200.23440000000002,243.575,60,2,5.237471595,5.601585674
78.32621666666667,0.009969694419005842,72.62521275397606,381.9137625419646,198.1353484332423,41.06304389184801,192.26771392681763,186.3689506591821,1.143535909353665,309.28854978798853,183.77841410872227,195.5448118827825,34.734327991061896,71.22289813697735,54.812316621474814,7.23698098599151,48.921599786820664,36.48857014577016,16.41058151480251,22.301298350758348,707.9510679032708,566.0449724422649,642.9798860502625,0.01913199999999998,0.16985599999999998,180.0,0.49360799999999994,0.000333243,69.8,3.6607999999999974,0.7356,49.123,192.8,216.00159999999997,185.75180000000003,60,1,4.865379288,5.419990124
20.008654166666666,0.0003438712,79.89686937611876,292.2890564844917,185.59541430387986,39.32625632705994,217.83362577664047,191.6028494812452,1.8294157072330393,212.39218710910546,106.69364217965827,100.68620700320928,34.2365202306532,59.07828190991479,46.137821887080186,4.686527223055548,42.07944271900096,24.84176167926159,12.940460022834596,16.998839190913824,764.9011732865414,738.3129837151962,770.819618943694,0.028392,0.19280799999999995,41.4,0.496776,0.001542572,16.0,1.8581333333333336,0.6519999999999999,10.16,43.4,137.98880000000003,167.76799999999997,61,1,4.19482841,3.045424429
28.623129166666665,0.0009544326000000001,75.29000183058295,295.5898515205346,183.52030689957164,33.0280057620687,179.99845617425154,184.34605482173464,1.5823224285461894,220.29984968665758,112.06954462096289,111.24379669879993,34.44090717692827,63.59542561398888,48.564969076302496,5.354261431114516,44.08589697241755,29.154518437493106,15.03045653811888,19.509528642003826,712.4780394968891,711.3513600556548,781.7908606763451,0.024548,0.191228,64.0,0.508562,0.0011027326000000001,24.6,2.011733333333334,0.7288,16.0296,68.4,149.45059999999998,117.67620000000002,61,2,4.872901662,4.373468677
75.45025416666667,0.011502758062814342,75.51808127934171,394.89168461132965,200.19209806266593,39.60775902480204,223.30482907280907,195.59352234917168,1.1372165291501843,319.37360333198797,194.69958654866377,199.298162262158,34.4031514990794,71.43855892066715,55.78136944240127,7.706813683771564,51.2109007624293,37.03540742225926,15.657189478299006,20.227658158909357,710.7806538431972,605.5417185064614,649.6582728304372,0.019775999999999978,0.159946,173.6,0.49758199999999997,0.0002999004,65.8,2.901072916666666,0.6134000000000001,40.60340000000001,185.2,248.391,223.58,62,2,4.751991269,4.38964519
93.56904999999999,0.01111837588743362,73.55022375027914,392.8308035393607,197.49224980616,39.23699173549211,231.85730565603507,194.07732313323564,1.0122656732393929,319.28057978896595,195.3385537332007,198.7534804061251,34.804967295726655,70.24619843642672,54.624427956218256,7.282432391893335,49.843909057378745,35.441231140700054,15.621770480364532,20.402289379204042,735.785501502063,637.8191288238155,623.0018415350326,0.02048,0.17135999999999998,199.6,0.480338,0.00028405339999999996,88.8,2.737066666666667,0.5927999999999999,53.2798,209.8,250.1248,263.60159999999996,62,1,4.719197949,4.666731717
73.81220416666667,2.670621106468686,71.85170745824227,371.83079287865183,100.11763159700163,35.44748737732299,157.42785277771546,90.77816770891684,2.1008284555387586,299.97908542040955,271.71316128185674,281.05262517023164,50.534923798250645,76.61241914107475,63.730187498738005,4.839874919070854,60.197124213591145,26.07749534149888,12.88223164175472,16.415294926693214,740.1944614834484,592.31827179131,717.6268402301521,0.02866599999999998,0.17476200000000003,192.6,0.65316,0.0005981579999999999,67.6,2.3338666666666676,0.6098000000000001,40.92,205.2,284.3418,269.7504,63,1,5.083079173,3.909424899
60.680937500000006,0.0018148275999999997,72.06643282633237,389.30295249518736,103.05479927887845,40.821635173277514,200.73915163741668,90.5866605212302,2.1646845908339474,317.23651966918953,286.2481532163089,298.71629196694386,36.29488797904084,63.37223773534313,48.479761142052055,4.5192976602607855,45.15553204442802,27.077349756302294,14.892476593291073,18.2167056909151,691.6054297602695,629.0919323360998,654.1408039278406,0.034816,0.191534,160.0,0.66383,0.0005782642,58.2,2.6431999999999998,0.5952,34.0806,174.0,297.2826,293.01759999999996,63,2,4.966807857,4.187086944
82.78053333333332,0.027798704482043864,73.40337751612861,402.85663535132863,117.97362051707996,32.038650911221715,231.95883583018986,110.00894437549293,0.7284167505173551,329.4532578348677,284.8830148265457,292.8476909758357,36.184040757111106,74.22244498227256,59.2388174542447,8.104469316475164,54.14919458152942,38.0384042250858,14.98362752892719,20.07325040078744,637.4018491380571,587.5622160143309,616.7324417799956,0.024739999999999977,0.185944,232.4,0.41981799999999997,0.00022012860000000003,74.0,2.760372916666667,0.6202,45.955799999999996,237.8,276.4828,286.16040000000004,64,2,5.768810907,5.451477543
113.44858333333335,0.013680932106118917,71.9915174530858,384.23026085613327,108.52503628796924,29.87250782604887,169.37605115522098,99.6351886941881,1.1122384523431523,312.2387434030475,275.705224568164,284.59507216119937,35.032639256426364,69.87190565578547,54.381623000173896,7.135677929129486,49.61227067880911,34.83926639977356,15.490282655611585,20.259634976976365,720.7851874437234,608.2295622108841,704.2596288518544,0.022704,0.18162199999999998,293.4,0.53323,0.00023069320000000004,101.4,2.8415999999333366,0.6636,65.905,304.6,281.73199999999997,252.57299999999995,64,1,4.73896974,4.388821458
111.68404166666667,0.01562884080042718,69.17606383741372,385.72838175649684,120.06897573551177,36.8363582594019,222.70443499869825,109.14185509002368,1.0891342415744445,316.5523179216363,265.6594060103151,276.58652666505174,35.138566780964894,69.34543451198816,55.29750208632155,7.5290298601705405,51.94038094614073,34.206867730003495,14.047932424463824,17.405053566379742,625.8203975844851,617.4485859633761,703.8154154981288,0.020802,0.17251999999999998,271.4,0.518732,0.00020474479999999998,101.8,2.702933333333334,0.5518000000000001,55.0816,284.6,260.0086,252.9828,65,1,5.224229536,4.53060124
138.77960833333333,0.020378393019225262,71.74558347098068,396.3915005373416,116.31557745110608,34.18886583667871,181.29683997128768,109.13780680340362,1.2124686902931017,324.645917066361,280.07592309616496,287.25369373393806,35.70719732459433,68.98763125315682,55.53263744642224,7.307333942854896,52.15023461951081,33.28043392940397,13.454993807644513,16.83739663364601,618.834174771561,589.5304363555987,649.7547360252454,0.02171199999999998,0.17429599999999998,351.4,0.5482980000000001,0.00017743076539272756,131.2,2.3908750000000025,0.53,68.5134,362.0,293.98040000000003,273.59079999999994,65,2,5.539601809,4.793210586
78.92445833333333,0.02128797894890034,73.89599301238809,395.3233866744195,120.1054550301646,38.62543137732119,311.6022045605106,108.3435390982052,0.6584181672216959,321.4273936620314,275.2179316442549,286.97984758021323,37.067751523241014,73.7813090943311,57.856257046085204,6.507967370022716,54.451834230845876,36.713557571090085,15.925052048245908,19.329474863425894,589.7506626467306,692.5911888053494,707.9453212978797,0.026831999999999977,0.18997799999999998,257.8,0.39526199999999995,0.0002320038,72.2,2.2485333333333357,0.5628,40.0094,275.8,295.1812,287.5382,66,2,6.178052254,5.900285341
82.99357916666666,0.012222190253261659,71.7958604093703,352.3234783284891,117.70997241659299,34.79683246376372,236.1364263350644,107.3645460713786,0.8011361723329781,280.527617928251,234.6135059118961,244.95893225711046,35.613090126766245,72.0113584914561,55.58803075542083,6.408376382621725,51.25157861645554,36.3982683642619,16.423327734626312,20.759779874572615,643.2876956961616,661.4115258560016,797.7136156643738,0.02591,0.191322,258.2,0.44565599999999994,0.00026070360000000003,72.4,5.875200000000001,0.7083999999999999,49.270399999999995,270.0,234.2026,225.7676,66,1,5.517476573,6.214156589
112.560475,0.0189872086,72.4649646998571,361.49612957709786,134.96365889090023,31.864940036751086,166.03133812817848,127.51264069378313,1.7525511003511969,289.0311648649606,226.53247068031465,233.98348888026675,32.20670788696704,78.33162228411322,55.806693937225546,8.038207607571737,50.53792659128671,46.12491439667841,22.524928346419905,27.793695692499398,627.3696102270908,573.2696862735593,578.6664210754444,0.020308,0.17186600000000002,286.4,0.586192,0.0002752542,104.0,3.820800000000002,0.6938000000000001,71.7284,308.8,243.63240000000002,234.40780000000004,67,1,5.836774498,5.736839296
99.98385833333333,0.01824937162061294,74.3310597485417,376.75776986311945,132.32881965869714,36.42179433465351,148.03386791708334,122.1658023669283,2.550536260768714,302.42671011457776,244.42895020442228,254.5919674962126,34.534083668868774,78.39691286390699,56.635357713225986,7.846293639814698,51.121096915557295,43.86282919475538,21.76155515023242,27.275815947901112,613.1325285012451,564.0209896732913,571.5653621631137,0.021348,0.173778,227.8,0.6256060000000001,0.0003810876,83.0,3.8314666666666675,0.7634000000000001,61.288,242.0,244.1654,243.1936,67,2,5.660889067,5.599494539
57.82218333333333,0.0032137844,70.8441671168649,396.97513384010017,101.22105880018283,50.43988975736185,236.81229179855382,84.0225534811555,1.9378293113586345,326.13096671841765,295.75407504461054,312.9525803548828,36.02261197345989,65.75965812472701,51.40466395143566,5.677616058270614,47.71726349983851,29.7370461517997,14.354994173823929,18.042394625421085,685.2257529866913,579.2768745602101,720.0493103239216,0.03267,0.19249,155.4,0.656746,0.0005143773999999999,46.6,2.4512000000000014,0.6824,31.542399999999997,167.8,301.4276,298.54519999999997,69,2,3.608315215,2.837465655
53.55104583333333,0.0030168752,72.44546058705563,346.0254819207523,118.96868554583497,65.82437955866723,292.6785698704008,92.151197150669,1.7347586948437885,273.5800213392396,227.05679637978614,253.87428477415173,34.56005362504717,64.77080593853893,51.24443719721626,6.518319958142442,46.40965081295781,30.210752313491746,13.526368741322656,18.36115512558111,708.6372905696662,592.1354894209184,670.9340342686883,0.034368,0.19226000000000001,133.4,0.6108460000000001,0.0005508452,46.4,2.519466666666667,0.6861999999999999,32.0866,140.2,250.55,252.47259999999997,69,1,3.770640294,3.125481338
24.362895833333333,0.0021847940000000003,66.06056604106212,357.55311730408465,234.87894251401977,43.97218450707114,364.0417871177989,240.1216290460598,0.47644900290462877,291.49255126302256,122.67417479006488,117.43148825802488,35.192185993564,66.03866980338182,53.49457922506252,6.328625784372425,50.23494329678745,30.846483810128348,12.544090578319288,15.803726506594359,667.2456436715586,637.1054184790137,592.9759539571558,0.02283999999999998,0.16079400000000002,48.2,0.28042999999999996,0.0006587829999999999,20.4,1.3930666666666673,0.5414,10.9796,58.8,168.289,172.87800000000001,70,1,4.70074076,5.266866197
36.09433333333333,0.0064721778539994805,80.73076191186199,354.7500618525454,232.43790130699094,33.82913800499834,264.3768044413738,230.32220736489313,0.3626567737520787,274.0192999366042,122.31216054147528,124.42785448302388,34.57826032726653,69.44414375485351,56.04113101918868,7.518473084633143,53.008419593046675,34.8658834280748,13.40301273604535,16.435724161942556,621.980112134428,612.9596310338,583.4171606108945,0.020306,0.14849799999999996,56.4,0.22568200000000002,0.00044014600000000004,31.6,1.748618749999998,0.5144,16.157400000000003,57.0,164.7704,158.4468,70,2,4.760001975,5.819761303
41.69195416666667,0.0031576862000000003,74.93861759221508,372.9913115068998,218.71080523958034,40.70593224930606,271.449968255593,216.849536846038,0.7391675176113568,298.0526939146847,154.28050626731948,156.14177467006704,34.80565542753436,65.9732553296739,52.7463868701136,6.655844205233736,48.82022923665286,31.16759990213955,13.226868459560325,17.15302609394298,676.9672344106295,703.5840612412142,713.9116294806773,0.024364,0.15114,103.8,0.399952,0.00045305579999999995,36.4,2.229333333333334,0.5962000000000001,20.886,111.6,224.09939999999997,187.75740000000002,71,2,5.364716965,5.012913897
36.917087499999994,0.0020144463999999997,73.84442996308746,366.2078140612581,198.59329800385186,43.18221133800968,302.4871681277552,201.70575725152912,0.9801645970836408,292.36338408857824,167.6145160478138,164.50205680013656,35.053575953112066,65.72967516981393,50.9317729203821,5.864583509396013,46.88316218142058,30.676099216841557,14.797902249431818,18.846512988393354,719.7337075815947,656.8294011257495,710.3875151098985,0.02468,0.17132799999999998,95.6,0.443166,0.0005854888,29.6,2.4,0.6763999999999999,19.849399999999996,105.6,188.59699999999998,194.281,71,1,4.864385739,4.513576221
25.273237499999997,0.0029557274,105.79701341013734,303.0999183406637,214.0343191110238,27.443469816950767,242.27454974763242,212.01992924286978,0.660938965997584,197.30290493168008,89.06559922963987,91.0799890977939,34.80331152379739,67.86334576918165,54.07328433592081,7.027960238053518,50.133080289270694,33.06003424558216,13.790061433260837,17.730265480083506,631.7598145227196,590.930334536108,678.9980120138578,0.02299599999999998,0.157074,52.4,0.35249600000000003,0.0007715704,21.6,1.713066666666667,0.5816000000000001,12.397799999999998,55.0,145.88479999999998,143.04659999999998,72,1,4.727262745,4.035367296
32.21825833333333,0.003947083317646241,81.77402744737478,346.6174543542099,206.40344448382444,36.09882091863894,264.8707672640233,205.51740815137572,0.4995005355628116,264.84342690683513,140.21400987038544,141.10004620283414,34.65313176304433,66.66532869755069,53.87944997200623,6.488378182661533,50.517810708773254,32.01219693482766,12.785878725865752,16.147517989098734,656.3317873611433,611.5122959784388,718.2719578543413,0.020777999999999998,0.165702,76.6,0.295922,0.0006069382,32.2,1.7301333333333346,0.48500000000000004,15.929599999999999,78.8,164.94660000000005,132.6658,72,2,5.175140063,5.408563226
35.200337499999996,0.004248763,75.01154571187347,377.3265167665444,188.88019646200655,39.4712616912276,234.5043160803967,181.32363844454989,0.6421936677349971,302.31497105574334,188.44632030453786,196.00287832867812,34.99356712841053,67.18465122799908,54.12814409234663,6.515053165787288,50.966956903879314,32.19108409981419,13.056507135652462,16.217694324635453,666.3221941866191,514.7799789333525,487.46183407354465,0.018824,0.17048999999999997,90.0,0.346614,0.0004966066,32.6,1.6192,0.47459999999999997,15.8,97.6,145.1642,178.3964,73,2,5.647452246,5.338638415
36.93104583333333,0.0026779444000000004,70.20061467155202,341.7309898565366,179.27941852984424,41.49794998969121,261.30105878916663,179.70670183407265,0.8618587903990866,271.53037518853733,162.45157133945563,162.02428802768017,34.762921205987965,63.98242383892008,51.892539694207,5.895222287636725,48.84275433419173,29.219502631849252,12.089884144561918,15.139669503828468,651.9810840810346,595.0720379003953,525.3236777809195,0.01949799999999998,0.17047399999999996,96.4,0.424886,0.0006770986000000001,36.6,1.755733333333334,0.5456000000000001,19.649800000000003,99.6,159.2768,164.1272,73,1,5.609265776,5.026200758
29.24925,0.0017831681999999998,73.47292311945918,345.5787776773891,182.09092695867326,56.29129829260785,427.10183862573604,184.84513880248073,1.3090301921199667,272.10585454948995,163.4878507102758,160.7336388664683,34.395440004085245,62.73643122179105,51.64610118917816,6.346954381265506,48.84347633673362,28.3409912177058,11.090330032612899,13.892954885057431,671.0983710364037,585.5513193638569,571.4849175878342,0.03317,0.18997399999999995,90.0,0.534936,0.000810028,24.6,1.8666666666666665,0.5452,13.2394,101.4,199.76680000000002,236.9966,74,1,5.110903936,4.571966282
27.39434166666667,0.0018367674000000001,74.97013337776454,335.72858950117023,184.89289968203076,56.766700917933214,396.0591140118032,179.48699167459722,1.3799834117273264,260.7584561242041,150.8356898222885,156.241597826573,34.52858084839546,65.16292086483796,51.85237480524783,6.434030694108232,48.41487996477955,30.63434001585473,13.310546059002357,16.748040899470634,652.6357285909769,625.047729338333,531.053304617345,0.031298000000000006,0.19363199999999997,85.4,0.519272,0.0010945081999999997,25.0,1.2181333333333333,0.4856,12.2818,91.2,205.10299999999998,209.7072,74,2,4.58163265,4.622793732
35.675537500000004,0.0030893512,75.10333338975742,340.030257158607,160.01175798713882,41.79856464387337,264.19484397492954,146.98208162995715,1.2125285568179591,264.92692376826443,180.0184991714682,193.0481755286499,34.23527356786716,67.40588778004266,52.85066417972994,6.727679776711286,48.936621357772744,33.17061421135603,14.555223599924329,18.469266421881528,650.4004465513224,637.5329595245742,692.7656875327428,0.024675999999999997,0.188362,96.2,0.46673,0.0008704404,35.8,1.3077333333333343,0.45439999999999997,15.752600000000001,101.2,201.49179999999998,201.33059999999998,76,2,5.835438669,4.804776446
38.599666666666664,0.002862538,66.71567562330559,353.2654986571479,160.78498335089165,42.526365989556496,255.85132753999642,147.51850616516194,1.441055098117896,286.54982303322345,192.48051530563734,205.74699249136702,35.421208905251056,65.99907878581865,51.688250748568876,5.865282339321659,48.464756981837105,30.577869879822412,14.310828037249781,17.53432180451355,653.1999234483562,617.9919073105564,720.5878121617137,0.02676199999999998,0.183782,106.2,0.539404,0.0008907458,36.4,1.7173333333333332,0.511,19.2904,114.8,192.29879999999997,203.6044,76,1,5.895206326,4.95210301
41.4245,0.010634354770688042,77.00540787156754,393.9654648796226,220.92387834255268,51.09668424474243,314.93915957871565,230.87355490966675,0.8957514687331283,316.96005700805495,173.0415865370698,163.09190996995576,34.42273326112761,71.42726278416474,57.709510665557595,8.372506948316433,52.88553192322088,37.00452952255055,13.717752118120575,18.541730860457285,685.5298724731498,591.380503012341,594.3989968487324,0.021728,0.148334,96.0,0.4426379999999999,0.000500013,33.4,2.8389020833333367,0.6716,22.4178,103.4,265.6828,197.166,77,1,5.157982324,5.068456484
51.56205833333333,0.01256260822389454,87.40002701758507,367.4320223663536,218.64269251493906,38.72217748957511,250.99218475049784,218.10504646818305,0.9129186660408563,280.031995356357,148.78932985969882,149.32697590645483,35.16233274759959,73.05736883930291,57.49004226859315,8.13812612991495,52.82703704267624,37.895036093869905,15.567326573615833,20.230331797925004,689.5885247294166,548.9718278558543,640.6724882306097,0.019114,0.15988799999999997,111.6,0.40168399999999993,0.0004771981999999999,47.0,3.338666666666667,0.5758,26.801800000000004,117.0,184.67559999999997,185.7626,77,2,5.092022057,5.014643892
21.471958333333333,0.0020165287999999995,75.1488767300676,361.0493950115563,190.0029861606128,40.634913444751355,202.44623152351804,187.85322751421873,1.0564380263403363,285.90051828225637,171.04640885094346,173.19616749733757,34.43409937046674,67.47027539640492,53.365884540615625,7.4655761945358865,46.39780093347193,33.03617602691944,14.10439085578929,21.072474461600137,689.2836715210028,675.9547435820967,654.1298129065135,0.02093999999999998,0.169184,36.4,0.362824,0.0011193274,13.8,2.5066666666666673,0.9196,10.0808,37.0,172.1774,142.24259999999998,78,2,4.776903203,4.804416284
28.31314583333333,0.0022302252000000002,77.61282120618435,323.1480011347944,184.19129605647925,30.378840323723715,185.62109133364987,182.64819606350915,1.054066103833606,245.53517992105668,138.95670507957476,140.4998050664464,34.26511005468666,66.40231896929059,52.955483298470924,7.347089948312562,47.65565573177123,32.137208914097286,13.446835670819661,18.746663237519357,681.9352204818417,680.2899258775367,689.1879885533833,0.02151,0.17036199999999999,51.4,0.42494000000000004,0.0009471956000000001,15.8,4.554666666666668,0.8994,15.581800000000001,54.8,148.6754,159.8786,78,1,4.64231432,4.874057495
80.498025,0.01712544954020036,74.22693231632445,390.1305515176281,218.87211404608655,37.50915561105653,254.92165820215374,214.69973660726313,0.7731514239501632,315.9036192036589,171.25843748131456,175.4308149127202,34.36175462375416,72.1343703796866,55.90282978212724,7.532481538952479,50.1291324217374,37.77261575692936,16.231540598318027,22.005237957269216,661.3897944363987,652.6645069926744,657.2141307123977,0.023628,0.16191,194.0,0.42292399999999997,0.0002568244,64.4,3.1221374999999987,0.729,47.5342,206.2,208.7424,182.15140000000002,79,1,4.826983928,5.504738659
97.75559583333333,0.022505088599999997,78.0968914086194,406.5374753837353,216.86871992195057,43.792503777090204,253.30699561454327,210.37140175550158,0.9805808009821607,328.4405839751159,189.6687554617847,196.1660736282337,34.29103370360248,75.0668590851408,56.470542638265556,7.733559706977514,49.89890555325037,40.775825380712085,18.59631644604901,25.167953529589887,656.4806395543773,637.0544125146732,663.3839986361912,0.023874,0.16373,236.8,0.47192999999999996,0.000230613,78.0,3.923200000066667,0.8276,65.84360000000001,254.0,182.0564,191.012,79,2,5.380115336,6.435390949
56.422495833333336,0.0066697344,72.38634810447302,400.8057751347076,221.2918968122412,38.025275609052684,246.14782512828486,217.58480861150943,0.6465670629209698,328.41942702187515,179.51387831465723,183.22096652319817,33.725345278279455,68.2221092116043,54.588878504029864,7.910106007773405,49.436642331282215,34.49676393332486,13.633230707574436,18.785466880322097,683.1509704334651,620.3269831882018,687.9255361048339,0.021475999999999978,0.15419600000000003,95.4,0.34487399999999996,0.00030901079999999997,40.0,2.819579166666669,0.7526,29.915,100.4,176.14539999999997,186.6212,80,2,5.784742242,4.954331426
46.15600416666666,0.01069503828085642,85.07937489210556,386.671741943284,232.79200340394777,44.190520533096915,279.57564323518807,229.91935958706995,0.6722134340334512,301.59236705026785,153.87973853897387,156.75238235585167,35.23528082362898,71.73583025272562,57.21983515678157,8.158711561463395,51.949212637383155,36.50054942808165,14.515995095187119,19.786617614585527,691.7609228596632,579.3139963404885,629.9181215540992,0.023182,0.158864,84.8,0.36304,0.00048818200000000004,36.2,2.538666666666665,0.7036,25.353,90.8,184.653,183.277,80,1,4.78938728,5.287228548
42.73939166666666,0.0046407532,67.78809878826722,371.43801737290994,227.2290352691,49.074221897384156,348.98295152219737,231.464443018064,0.7739986466759209,303.6499185939501,144.20898211327534,139.97357436431133,34.59750864712677,67.10603316893938,53.92941040081331,7.099665038457689,50.487494490081254,32.50852452181261,13.176622768126071,16.618538678858133,663.2772380096652,692.8819324207354,597.6413408644373,0.02469999999999998,0.16204599999999997,106.0,0.39396400000000004,0.0006326276,42.8,1.7407999999999997,0.4542,19.1398,111.4,226.1884,214.33339999999998,81,1,5.496785476,4.90786787
50.91518333333333,0.01198810975893834,70.8430194354638,397.95234782454406,217.6831362020861,40.54132293931274,293.7087010423909,212.96794344927093,0.47556822489232875,327.1093283890802,180.2692116224579,184.98440437527304,36.02244764764278,69.53679275065764,57.56003937978155,7.1412742691294655,54.344180588285234,33.514345105963955,11.976753372060395,15.19261216301965,666.3147744702129,568.9137027561458,667.2327918867112,0.02054,0.150106,117.6,0.311644,0.0003314778,50.6,1.565866666666666,0.4636,23.7004,125.4,217.333,192.5864,81,2,6.452418644,5.791487128
27.566716666666668,0.0042072144,75.69429989878525,349.93141647910994,229.1085525669992,44.90426347352235,256.6210972914112,224.42659835539885,0.6722487545565279,274.23711658907337,120.82286392078012,125.5048181323805,34.502613128068994,69.42763368626562,55.39556829477516,7.506259572263824,51.03508231906767,34.92502055819662,14.032065391490454,18.392551366948947,678.2502669249906,609.500947348909,625.8318407308964,0.020798,0.15035199999999999,55.2,0.312856,0.0007287469999999999,23.0,1.5658666666666659,0.5780000000000001,13.590399999999999,58.4,155.26399999999998,127.38499999999999,83,1,5.846003278,6.072378039
28.9077875,0.0031434686,75.1061373115123,375.44949984209006,240.79989112745844,47.02439317148485,306.0474891125409,238.65513309699062,0.6342961314530405,300.3433625474196,134.64960871463163,136.79436675218423,35.377266894942856,65.97127438443792,54.22040187673004,6.926332728244586,51.225761832647606,30.594007490406945,11.750872507912534,14.74551255270219,670.2281938666832,573.4681541305665,700.6752007910538,0.020376,0.158472,56.0,0.35364199999999996,0.0006003769999999999,23.6,1.668266666666666,0.5334,12.098,62.0,181.80620000000002,196.4858,83,2,6.045748435,5.806617492
52.26209166666666,0.00835302939458024,77.47154445954747,393.7605295582663,209.20891770230082,28.918231513050223,255.67040725722273,206.12390283893882,0.502713065684049,316.2889850981558,184.5516118559655,187.63662672691027,34.0395996157756,69.11626260960549,55.38326406395264,7.255555140911833,51.21615354352525,35.07666299396891,13.732998545800314,17.900109066227692,632.4020749167834,580.3352525218424,671.3491746503184,0.02142999999999998,0.16227999999999998,109.0,0.31854999999999994,0.00032790099999999996,43.8,2.4213333333333344,0.6678000000000001,29.907799999999998,115.2,161.6076,199.90019999999998,84,2,5.710073178,5.307262103
63.319616666666676,0.0120931272800116,76.50120824295826,382.6987599445061,206.11026409566574,36.206453669515255,286.58647351706185,206.3935580134069,0.5365728265299599,306.1975516997192,176.58849583780878,176.30520192006765,34.06392955890514,71.03579070426115,55.99522509207255,7.491395864140108,52.1958661425255,36.97186114542511,15.040565611394271,18.839924561804736,598.184367513268,556.0292635996904,581.503775580217,0.022026,0.15971200000000002,141.4,0.3313,0.00026260199999999996,59.4,2.0629333333333335,0.5592,33.806,151.8,180.24099999999999,198.23380000000003,84,1,5.954056805,5.748063915
61.74979166666667,0.01016121516637798,70.90997160814317,337.84256503720763,118.9894807884458,41.78412076271038,319.9878157242835,104.41051582578307,0.8159405636642658,266.93259343765675,218.85308424876183,233.43204921142456,35.8654326863657,69.4591496340557,56.11318570798066,6.650131249590028,53.2091672526861,33.59371694868042,13.345963926595108,16.249982381861514,591.5430544226286,484.0158193639798,526.7357831076,0.02478999999999994,0.188894,216.4,0.455302,0.000311402,63.8,1.2906666666666673,0.4364,27.553200000000004,233.2,222.2174,232.11859999999996,85,1,5.319551344,5.159087391
62.11593333333333,0.00709537533869002,71.07107418793305,367.1370372891143,108.90177941540487,33.320899570855566,194.30948608441463,98.18381016549003,0.8944139644953012,296.0659631011812,258.2352578739734,268.95322712356676,35.18298247024653,67.51388048776168,54.36395140337248,6.545523154862158,51.16258294196175,32.330898017164834,13.149929084184446,16.35129754559518,615.4815945135258,499.91035024783287,572.1876161571456,0.02454799999999998,0.19068400000000002,199.4,0.476654,0.000320923,65.0,1.902268750066667,0.4726,30.9808,207.4,262.1438,260.68999999999994,85,2,5.62607415,5.584830083
76.64309166666666,0.010588835769436181,78.33232634020085,353.81143202628243,128.6502335400947,33.885334950382415,175.55786164492844,117.17476613205363,1.2119223631506997,275.47910568574235,225.16119849463894,236.63666589422883,33.73485689337559,71.01541502754284,55.11386586481793,8.295541610489972,48.18796356543569,37.280558134167244,15.901549163008564,22.82745146210715,674.9361841786132,616.7155781767763,622.0535308448718,0.023149999999999983,0.181994,149.8,0.5320180000000001,0.00043648159999999994,56.4,3.593904166666667,0.8751999999999999,48.0354,151.8,197.72480000000002,198.5142,86,2,4.853881081,5.137644188
68.38602499999999,0.01919313277867834,73.48403646574243,345.06811210368585,129.10641822657902,35.40369973401039,196.20559801270878,116.26715326443517,1.023941053696221,271.5840756375917,215.96169387710682,228.80095884062766,35.82347816892194,74.08234772261537,58.378713080183026,8.309203686356417,52.17056606014587,38.258869553138,15.703634643352874,21.911781662469508,629.6640103019025,571.620478195342,587.7831812742891,0.023261999999999998,0.183474,159.6,0.500596,0.0003046972,52.2,4.219733333333333,0.8645999999999999,44.1216,162.0,205.8986,209.4194,86,1,4.474838517,5.245840676
58.74901249999999,0.0133977521272706,76.1975987628745,339.2136229210464,133.49955756469836,25.58328837086193,129.58961969373874,126.50700317485055,0.7662782617459796,263.0160241591366,205.7140653563481,212.70661974619588,34.42312609765438,73.33854288222217,57.621112486358676,8.71329735181819,50.48854053160784,38.91541678456779,15.717430396018793,22.850002350614325,651.909749190581,738.8205960813717,752.7375800354496,0.017970000000000003,0.169052,101.6,0.419288,0.0003131544,43.4,3.925333333333332,0.8488,37.2146,106.8,181.4836,169.29540000000003,89,1,4.737142823,3.85341414
80.57002499999999,0.019874213413216858,72.69285687274103,367.09502851196515,141.03066232321066,26.478475894708556,152.971089985418,133.2045470585396,0.6825812179438321,294.40217163990656,226.0643661887545,233.8904814534256,34.97502763722121,74.23542201143388,57.742587106248095,8.326416080986002,51.3554234108067,39.26039437488202,16.492834904217375,22.879998600310124,645.7645208961209,668.6302457725099,710.9472433484761,0.019354,0.17523799999999998,158.8,0.39623,0.0002322802,51.0,5.111466666666669,1.0657999999999999,52.168600000000005,165.2,189.613,217.8448,89,2,4.96008413,4.407999281
